{
    "loss": 8.256019592285156,
    "accuracy": 0.5166279673576355
}