{
    "loss": 6.493655681610107,
    "accuracy": 0.4524362087249756
}